生徒名,割り当て時間,希望順位,火曜日,水曜日,木曜日,金曜日
生徒5,水曜日16時,第1希望,,水曜日16時,,
生徒27,木曜日15時,第3希望,,,木曜日15時,
生徒34,木曜日17時,第3希望,,,木曜日17時,
生徒3,木曜日11時,第3希望,,,火曜日15時,
生徒4,木曜日14時,第2希望,,,木曜日14時,
生徒17,火曜日10時,第3希望,木曜日12時,,,
生徒1,火曜日11時,第1希望,水曜日10時,,,
生徒21,火曜日16時,第3希望,火曜日16時,,,
生徒12,水曜日11時,第2希望,,水曜日14時,,
生徒23,水曜日15時,第3希望,,金曜日10時,,
生徒9,木曜日10時,第1希望,,,木曜日10時,
生徒2,金曜日16時,第1希望,,,,金曜日16時
生徒20,金曜日16時,第3希望,,,,金曜日16時
生徒13,火曜日12時,第1希望,火曜日12時,,,
生徒35,火曜日15時,第2希望,金曜日17時,,,
生徒32,水曜日14時,第3希望,,水曜日11時,,
生徒30,金曜日15時,第2希望,,,,金曜日15時
生徒29,金曜日17時,第2希望,,,,火曜日17時
生徒25,金曜日15時,第3希望,,,,金曜日15時
生徒19,金曜日17時,第1希望,,,,金曜日17時
生徒10,火曜日14時,第3希望,水曜日15時,,,
生徒22,金曜日10時,第2希望,,,,木曜日11時
生徒8,金曜日11時,第1希望,,,,金曜日11時
生徒16,金曜日12時,第1希望,,,,金曜日12時
生徒7,金曜日14時,第1希望,,,,金曜日14時
生徒6,金曜日10時,第2希望,,,,金曜日10時
生徒33,金曜日11時,第1希望,,,,金曜日11時
生徒26,金曜日12時,第2希望,,,,火曜日14時
生徒14,金曜日14時,第1希望,,,,金曜日14時
生徒28,水曜日10時,第3希望,,金曜日12時,,
生徒24,水曜日17時,第3希望,,水曜日12時,,
生徒15,木曜日12時,第3希望,,,火曜日10時,
生徒18,木曜日16時,第1希望,,,木曜日16時,
生徒31,水曜日12時,第1希望,,火曜日11時,,
生徒11,火曜日17時,希望外,水曜日17時,,,
